index,constantparam,constantpval,opennessparam,opennesspval,conscientiousnessparam,conscientiousnesspval,extraversionparam,extraversionpval,agreeablenessparam,agreeablenesspval,neuroticismparam,neuroticismpval,openness deviationparam,openness deviationpval,conscientiousness deviationparam,conscientiousness deviationpval,extraversion deviationparam,extraversion deviationpval,agreeableness deviationparam,agreeableness deviationpval,neuroticism deviationparam,neuroticism deviationpval
raw,1.1497591343088556,2.5467384864637743e-07,0.3515638927503014,0.02470492174089728,-0.11921063855183878,0.4575252760234573,-0.2692398213982597,0.05264136003773783,0.03141525429466263,0.8394513800725548,-0.10190947600724357,0.5711355480994705,-0.25762217305778273,0.06318336546557969,0.018037208765050994,0.897290301886188,0.29705114912388675,0.0237127129470498,0.012237886439717294,0.9313785764372229,0.12841984866329903,0.4290217868314913
absolute,1.0916385982600596,1.2867854170907183e-21,0.07636551436019506,0.2315803878334342,-0.09771642276717757,0.12390561833753734,0.030087940015949666,0.6387347093124995,0.02776101249448426,0.6693695797110268,-0.02945135202846913,0.7045678071819297,-0.0605673424593714,0.5491869561438563,0.05390172853161607,0.5496282610718561,0.030073379550591084,0.7847836097093692,0.0649970501807044,0.4933356209277573,-0.13407797976891325,0.20382757465854562
