index,constantparam,constantpval,opennessparam,opennesspval,conscientiousnessparam,conscientiousnesspval,extraversionparam,extraversionpval,agreeablenessparam,agreeablenesspval,neuroticismparam,neuroticismpval,openness deviationparam,openness deviationpval,conscientiousness deviationparam,conscientiousness deviationpval,extraversion deviationparam,extraversion deviationpval,agreeableness deviationparam,agreeableness deviationpval,neuroticism deviationparam,neuroticism deviationpval
raw,1.1388408655152207,2.7962972953629313e-07,0.3552929546492726,0.022512994763541908,-0.09527335292235906,0.5502332158414305,-0.2588568198652863,0.060814121316918,0.07597478486541132,0.6224007097315993,-0.06380198796551599,0.7212596415160932,-0.25686429912382414,0.06249291472503514,-0.009679184089795068,0.9444621249817545,0.2990447788440225,0.02207983133891027,-0.01975557554268023,0.88882846316982,0.10964952375197407,0.49689864811175755
absolute,1.1268833460575878,1.300623910301801e-22,0.07179529746272373,0.25730587407995154,-0.09610859015472217,0.12757954964699778,0.03362498328701388,0.5974082052439393,0.050205401176778075,0.437394970635118,-0.0038963776069641104,0.9597064461028271,-0.09336522334732689,0.3532368567260451,0.07336247387680712,0.41269405115002944,0.027514884493834824,0.801381997899251,0.02075906423569651,0.8254690004879195,-0.12270889800895249,0.24134821326030387
